package_name,version,api_calls_per_min,file_access_count,network_requests,cpu_usage_pct,memory_mb,outbound_connections,subprocess_spawns,env_variable_reads,label
pydanticc,1.0.1,699,218,66,54.54,639,12,26,33,1
djangoo,1.1.1,739,187,57,41.93,765,30,20,49,1
sqlalchemy,4.8.6,20,22,0,4.01,135,4,1,2,0
requestss,0.1.4,343,328,90,49.85,979,19,28,66,1
httpx,2.0.3,61,15,16,8.08,50,2,1,4,0
loguru,3.2.5,50,7,8,10.68,184,5,0,9,0
flaask,0.2.1,353,195,90,59.92,1134,17,26,34,1
sqlalchemyy,1.2.2,775,390,62,61.91,1107,20,6,33,1
numpyy,0.3.3,335,155,54,51.13,916,36,9,58,1
loguru,1.8.7,57,2,6,8.02,169,3,2,7,0
numpy,4.5.3,47,9,1,7.85,150,5,1,6,0
numpy,2.1.2,60,15,17,8.54,114,0,0,1,0
flask,3.8.7,37,29,1,1.84,118,2,0,0,0
click,2.7.5,27,13,10,4.73,187,5,1,9,0
boto3,1.8.9,71,26,18,10.32,168,1,0,7,0
click,4.9.9,30,15,3,2.46,11,3,1,9,0
django,4.3.0,36,3,13,2.18,166,4,0,4,0
pandaas,1.3.1,497,168,168,67.56,492,35,16,52,1
fastapi,1.9.5,67,1,3,13.97,88,1,0,3,0
requests,2.3.3,12,8,1,7.12,102,5,0,4,0
numpyy,0.1.3,305,148,66,91.52,884,45,6,21,1
loguru,2.5.3,73,21,15,13.64,181,2,2,4,0
django,4.6.8,66,2,2,4.56,45,3,0,10,0
click,3.0.0,46,26,1,4.75,105,3,0,3,0
click,2.1.6,46,17,12,6.57,165,5,0,4,0
boto3,4.5.9,11,26,20,9.89,26,2,0,8,0
boto3,4.8.3,36,22,19,13.16,30,4,1,8,0
pandas,2.8.7,6,1,10,12.35,118,5,0,7,0
pandas,1.6.0,34,18,11,9.72,187,0,1,0,0
rich,3.5.4,12,30,2,9.96,69,4,2,0,0
httpx,1.9.4,8,6,8,10.69,89,2,1,0,0
botto3,1.3.1,367,466,238,75.53,787,24,13,25,1
rich,3.7.7,61,22,6,7.91,198,1,2,1,0
pandas,1.7.5,80,10,20,14.45,186,2,1,4,0
sqlalchemy,4.4.2,8,11,19,3.68,81,0,1,8,0
sqlalchemy,1.8.2,29,7,15,4.51,160,4,2,4,0
flask,4.7.7,43,28,18,14.86,88,4,2,0,0
pandas,4.1.9,42,26,7,10.84,31,2,0,6,0
httpx,3.4.4,51,17,15,7.26,194,3,1,3,0
pandaas,1.3.0,557,213,276,51.73,739,31,16,38,1
requests,3.3.9,46,1,5,4.35,42,5,1,8,0
numpy,4.9.2,74,10,10,1.99,93,5,1,4,0
flask,2.2.3,7,19,16,2.95,103,5,2,0,0
requests,1.6.2,64,6,1,4.27,93,1,1,5,0
django,2.0.3,10,11,9,7.97,149,3,1,0,0
flask,2.0.1,12,8,2,13.63,94,0,2,3,0
numpyy,0.3.4,239,372,178,81.38,495,40,26,28,1
aiohttp,1.0.4,32,2,1,14.26,111,4,1,10,0
pytest,4.7.0,5,18,17,6.46,14,4,2,4,0
fastapi,3.1.6,10,14,0,7.17,29,2,2,6,0
sqlalchemy,1.6.0,38,18,3,7.09,182,5,2,4,0
rich,3.9.7,29,8,8,8.59,67,2,1,3,0
loguru,4.5.0,58,2,12,7.78,70,3,0,5,0
fastapi,4.9.2,26,6,2,9.34,107,4,2,3,0
requests,3.6.9,10,28,2,3.23,160,5,2,8,0
boto3,2.4.3,47,21,2,13.87,104,0,2,3,0
pytest,1.0.1,30,29,20,6.93,42,0,1,1,0
pandas,2.1.2,6,7,16,7.11,25,4,2,10,0
pydantic,3.9.9,20,5,3,6.21,96,4,1,2,0
pydantic,3.7.1,61,24,14,5.12,86,0,2,1,0
numpy,4.6.5,77,28,3,13.47,20,1,0,9,0
aiohttp,4.8.8,58,18,1,11.97,102,5,2,9,0
pytest,2.6.2,9,27,12,11.93,57,5,1,0,0
pandaas,0.0.1,309,348,99,45.43,984,34,26,51,1
boto3,3.4.2,27,24,0,14.26,156,3,2,0,0
flask,1.6.8,58,18,15,8.8,70,3,1,1,0
click,4.6.6,24,16,1,2.33,161,2,0,7,0
requestss,0.3.4,417,118,191,54.33,952,40,25,69,1
pandas,3.8.7,19,22,6,10.9,135,0,2,7,0
httpx,3.5.9,33,8,4,7.43,126,5,2,5,0
requestss,0.1.1,724,120,278,71.47,457,20,13,79,1
pandaas,1.0.5,730,335,130,77.91,412,23,17,57,1
flask,1.5.1,47,26,4,2.5,83,3,2,2,0
fast-api,1.2.3,752,216,256,44.93,715,33,18,36,1
numpy,2.4.1,18,24,17,2.75,82,4,0,5,0
pydantic,3.0.1,40,29,17,8.67,18,1,1,0,0
requests,2.5.6,13,22,10,9.54,179,0,2,4,0
pydantic,2.3.7,37,15,8,10.17,129,2,2,8,0
botto3,0.2.2,744,237,155,50.34,470,21,9,38,1
sqlalchemyy,1.3.1,204,260,113,83.21,1129,37,13,73,1
sqlalchemy,2.1.5,62,1,8,3.54,187,0,1,4,0
flaask,1.3.3,536,415,218,56.81,998,19,23,56,1
pandas,1.8.1,28,3,19,1.49,70,3,0,9,0
requests,4.9.0,35,7,2,1.96,18,3,2,10,0
pydantic,3.5.4,48,18,18,2.39,134,2,2,0,0
boto3,1.3.3,40,25,2,8.87,147,1,1,5,0
flask,2.6.1,43,6,18,3.99,109,5,2,5,0
aiohttp,4.0.0,16,7,7,7.83,16,4,0,10,0
boto3,1.9.5,35,19,13,3.22,181,0,2,5,0
pytest,3.3.7,42,9,14,1.23,54,0,1,5,0
aiohttp,4.6.6,59,16,12,0.57,146,1,2,5,0
boto3,3.7.4,59,23,17,10.1,134,1,0,4,0
numpy,1.6.5,59,14,14,13.03,23,5,2,10,0
requests,3.1.2,36,17,5,8.5,94,4,1,7,0
pydanticc,1.2.4,789,150,158,47.36,888,24,7,38,1
boto3,2.8.4,73,25,15,7.24,197,4,1,5,0
aio-http,0.2.5,264,437,297,69.64,796,22,21,63,1
loguru,3.1.2,73,13,16,2.35,67,0,0,4,0
boto3,3.6.7,53,13,2,10.4,179,4,0,10,0
rich,1.3.4,75,5,9,6.85,188,3,0,0,0
numpyy,1.2.1,648,472,52,52.8,554,10,20,33,1
fastapi,4.9.4,65,27,0,5.84,182,0,1,9,0
requestss,1.3.4,501,377,228,66.96,980,21,22,42,1
pydantic,3.2.7,32,12,8,5.43,162,5,1,8,0
sqlalchemyy,1.0.3,462,376,235,55.56,929,33,21,71,1
django,1.9.5,20,17,1,3.1,142,0,1,1,0
requests,1.7.4,25,13,16,13.89,190,2,2,1,0
click,4.5.7,49,18,8,4.67,156,5,2,6,0
sqlalchemy,2.2.1,36,22,7,4.36,198,0,0,9,0
django,1.9.1,34,24,16,0.54,13,1,0,7,0
aio-http,0.3.4,630,289,273,42.39,942,37,12,80,1
rich,3.4.6,16,7,14,3.57,114,5,1,8,0
flask,3.9.9,46,8,9,13.21,179,4,0,6,0
numpy,1.5.9,23,3,4,4.49,172,4,2,5,0
fast-api,1.3.1,388,111,82,80.03,1077,26,28,64,1
aiohttp,1.1.8,32,17,8,2.42,99,0,0,5,0
rich,4.0.4,44,12,3,8.88,64,1,2,7,0
requests,4.0.2,78,14,12,7.69,107,5,1,2,0
django,2.3.1,55,7,14,12.46,58,5,1,1,0
fastapi,2.6.1,36,10,1,7.02,99,0,1,1,0
flask,1.5.8,52,4,8,8.82,119,4,2,9,0
sqlalchemy,3.1.1,48,6,12,2.83,29,4,0,5,0
requests,1.7.4,31,25,5,8.86,50,3,0,2,0
fast-api,0.0.0,205,393,202,61.67,960,15,14,33,1
pytest,2.2.6,67,16,6,13.04,25,1,1,0,0
pandas,3.8.9,59,7,17,11.45,186,1,2,4,0
boto3,2.1.8,49,2,3,6.84,29,2,2,9,0
click,1.4.1,18,16,6,9.33,77,4,0,5,0
rich,4.9.0,68,29,20,8.41,174,2,1,3,0
flask,4.8.0,10,2,4,10.85,131,4,1,2,0
sqlalchemy,1.6.1,42,27,20,9.2,61,0,0,3,0
django,1.9.7,38,21,18,8.88,194,0,2,7,0
pandas,3.8.3,20,7,4,3.93,136,0,1,8,0
httpx,1.7.4,57,4,4,1.16,19,2,1,1,0
aiohttp,4.7.9,75,26,1,7.02,156,5,0,5,0
pandas,3.3.4,24,23,13,11.94,28,3,2,7,0
fast-api,1.2.4,482,448,151,81.52,823,45,30,55,1
djangoo,1.0.3,542,233,142,59.82,970,26,16,21,1
click,3.6.2,48,29,15,5.71,58,1,1,0,0
django,2.7.8,43,20,20,8.17,180,4,1,10,0
django,4.1.7,11,28,20,8.96,168,0,1,3,0
django,1.0.1,56,13,12,8.51,24,5,0,2,0
boto3,4.4.6,75,2,14,1.78,74,2,0,6,0
django,4.3.3,73,9,17,10.59,45,0,2,9,0
flask,2.2.1,42,28,3,7.86,148,5,2,0,0
rich,1.6.0,65,8,6,12.34,127,2,1,3,0
fast-api,1.0.2,426,410,233,43.9,613,41,7,49,1
fastapi,1.5.9,75,5,13,2.35,88,2,0,5,0
rich,2.5.6,40,27,12,5.79,154,1,2,8,0
djangoo,0.1.2,617,298,165,74.66,843,30,5,44,1
django,2.2.5,33,12,16,13.48,30,2,0,10,0
sqlalchemy,1.9.9,46,28,12,0.68,115,3,0,8,0
rich,1.5.3,18,25,18,11.16,95,1,0,5,0
aiohttp,4.0.6,26,20,13,2.78,35,2,0,3,0
sqlalchemy,2.8.9,28,25,4,6.77,24,0,2,2,0
loguru,4.6.9,7,28,18,6.02,11,2,1,6,0
sqlalchemy,2.4.2,61,18,13,8.63,38,0,2,2,0
aiohttp,4.8.2,12,15,3,12.26,97,5,0,8,0
click,3.7.0,12,16,12,6.68,37,3,2,7,0
httpx,2.2.4,75,1,17,6.42,67,0,1,1,0
sqlalchemyy,0.3.5,724,172,91,50.12,1031,26,11,27,1
aiohttp,1.1.7,50,28,2,12.04,111,1,1,3,0
numpyy,0.0.5,799,123,229,86.65,766,42,8,38,1
pandaas,1.0.0,735,488,267,47.5,693,40,22,20,1
requests,4.5.3,61,20,9,11.41,124,1,2,3,0
httpx,3.1.3,50,8,9,6.6,94,2,1,9,0
numpy,2.8.2,54,15,11,10.22,200,5,2,6,0
numpy,2.7.4,52,6,19,9.31,193,0,0,4,0
djangoo,1.1.3,587,287,200,75.93,479,43,13,44,1
pydantic,3.2.2,45,27,14,9.48,101,0,1,2,0
loguru,2.3.1,23,9,6,3.02,49,5,0,2,0
pytest,4.4.4,46,3,17,7.12,104,1,1,9,0
pydanticc,1.2.0,640,249,202,52.72,407,45,16,32,1
flask,2.1.5,76,29,13,14.62,49,1,0,2,0
pandas,4.6.2,67,21,17,10.55,175,1,2,2,0
numpy,2.0.8,25,14,20,14.06,131,3,2,3,0
django,1.4.4,80,19,15,13.05,124,4,1,5,0
flask,1.3.6,47,9,2,14.52,81,2,2,8,0
flask,2.5.3,55,16,4,8.87,78,5,1,6,0
pandas,1.4.7,19,27,2,6.31,28,4,2,10,0
click,4.2.9,15,10,17,5.96,94,1,2,10,0
fastapi,1.9.1,39,25,17,12.44,103,4,0,7,0
rich,1.5.7,18,20,17,13.04,200,5,2,6,0
requests,4.7.8,75,8,3,7.2,45,0,0,0,0
requestss,0.2.5,357,459,187,83.53,528,41,12,40,1
fastapi,4.2.5,53,12,5,6.96,77,3,1,4,0
click,2.8.8,46,23,3,11.53,153,3,2,9,0
click,3.1.9,19,2,17,13.59,61,4,2,2,0
click,3.9.1,77,26,1,5.53,119,5,1,1,0
numpy,1.2.4,77,30,9,6.87,129,5,1,6,0
rich,2.4.5,11,28,20,5.31,41,2,1,6,0
httpx,1.1.3,50,6,20,9.38,154,5,2,10,0
numpy,4.0.2,57,28,20,14.56,29,3,1,5,0
pydanticc,1.1.2,253,441,105,93.53,641,50,18,40,1
sqlalchemy,3.7.9,39,29,2,5.9,97,1,0,6,0
pandaas,0.1.0,476,220,192,63.77,790,22,9,71,1
requests,3.8.3,7,22,0,9.59,73,1,2,5,0
fast-api,1.0.1,706,324,52,51.09,1072,43,14,32,1
botto3,1.0.5,469,227,123,45.12,1089,31,7,55,1
pandas,2.9.0,15,9,14,10.1,134,4,1,6,0
pandaas,1.0.1,631,355,84,94.76,1045,43,22,66,1
pytest,1.9.9,71,26,13,2.13,48,1,2,9,0
fast-api,0.0.1,418,450,158,85.96,610,44,27,76,1
loguru,2.1.4,62,8,14,8.76,181,3,1,0,0
boto3,4.5.3,22,17,15,1.82,22,0,0,10,0
httpx,3.3.2,71,25,7,13.55,163,3,2,5,0
httpx,1.3.4,25,10,8,2.62,25,5,1,3,0
pytest,1.6.8,51,1,11,4.98,64,2,1,3,0
boto3,4.3.6,48,27,14,6.28,196,0,1,6,0
django,3.1.0,68,24,13,3.05,107,4,2,3,0
flask,3.7.1,41,8,8,5.37,148,0,0,2,0
aiohttp,4.5.7,19,4,7,0.53,100,5,1,8,0
requestss,0.1.5,236,284,111,76.03,561,15,13,69,1
rich,3.9.3,64,12,18,14.59,60,5,2,3,0
rich,4.7.9,5,29,2,0.78,65,1,2,9,0
pandaas,1.2.2,423,393,118,50.05,1164,22,20,67,1
flaask,0.1.2,411,217,101,85.92,1033,32,9,69,1
flask,4.4.8,55,19,3,0.61,179,2,2,10,0
flask,2.5.9,45,7,5,7.72,141,3,1,4,0
flaask,1.2.2,698,346,277,73.23,913,18,19,30,1
loguru,2.1.7,61,26,18,7.0,137,3,1,1,0
numpy,1.4.9,53,13,6,1.6,186,5,0,1,0
requestss,0.2.4,322,302,252,53.37,443,47,30,64,1
loguru,2.1.6,80,16,18,10.34,56,4,1,5,0
pytest,2.8.0,53,26,11,7.46,134,2,2,8,0
flaask,1.0.0,554,328,111,89.75,1028,49,12,22,1
click,4.8.1,53,3,17,4.75,170,4,1,9,0
django,3.8.1,22,25,13,13.82,80,5,0,2,0
boto3,3.4.4,35,4,1,6.2,150,3,0,0,0
sqlalchemyy,0.3.3,415,314,229,81.37,773,35,13,48,1
flask,3.7.3,20,5,2,7.05,192,3,0,10,0
botto3,0.2.5,403,395,197,75.74,951,21,29,38,1
sqlalchemyy,1.2.5,473,409,215,61.75,855,33,28,57,1
aio-http,1.2.2,331,443,217,52.9,691,49,7,77,1
pandas,1.7.3,61,26,9,12.55,27,3,2,7,0
aiohttp,3.3.3,37,22,4,9.61,170,5,0,4,0
aio-http,0.2.1,751,200,117,80.34,1041,14,28,24,1
click,4.3.7,80,9,0,11.5,50,5,1,5,0
click,4.0.6,47,23,7,1.21,131,2,1,0,0
flask,2.5.2,46,2,0,2.64,190,1,0,8,0
fastapi,2.8.1,43,27,20,7.86,60,1,1,2,0
sqlalchemy,2.2.4,40,15,4,1.0,168,4,0,10,0
fastapi,3.2.7,66,21,5,12.27,26,5,1,0,0
httpx,2.0.7,42,9,13,6.37,198,0,2,9,0
loguru,3.2.1,36,12,12,7.95,183,2,1,2,0
sqlalchemyy,1.0.5,718,294,237,50.2,419,49,16,69,1
httpx,4.9.9,65,2,5,4.49,46,4,2,10,0
pytest,1.1.7,13,25,17,11.6,42,5,1,8,0
loguru,3.0.8,25,3,9,10.79,113,1,2,9,0
requests,2.1.3,57,16,17,11.49,186,3,2,7,0
numpy,3.5.7,27,27,9,13.82,161,0,2,2,0
requestss,1.3.2,259,415,118,69.1,1151,14,14,24,1
flask,4.1.4,67,17,20,5.04,109,4,1,9,0
fast-api,1.3.3,665,123,60,93.93,731,16,27,53,1
loguru,1.4.1,25,9,14,13.63,47,3,0,3,0
pandaas,1.0.5,490,143,105,64.71,882,40,10,34,1
flask,4.6.7,23,9,4,4.08,153,4,1,9,0
requests,2.2.9,43,3,7,2.22,116,4,2,9,0
boto3,4.4.6,66,26,13,9.91,52,0,0,0,0
flask,3.2.1,70,21,3,8.19,59,2,1,10,0
aiohttp,4.5.1,34,16,0,9.48,153,2,2,3,0
flask,4.7.3,51,4,11,8.39,175,2,0,6,0
aiohttp,2.6.1,67,20,13,14.12,81,0,2,5,0
loguru,3.5.1,75,18,9,13.42,50,5,2,10,0
botto3,0.1.0,670,467,134,42.08,475,13,10,70,1
aiohttp,4.5.0,39,26,14,7.61,101,4,1,6,0
httpx,3.4.7,67,15,5,11.13,100,1,0,8,0
loguru,3.6.5,45,15,8,3.89,61,1,2,1,0
sqlalchemy,4.4.6,37,27,2,7.32,148,0,1,3,0
fastapi,3.2.4,73,3,16,9.79,161,4,0,2,0
httpx,2.8.3,25,15,12,4.41,173,5,2,3,0
django,4.3.5,78,15,14,11.66,107,4,2,6,0
fastapi,4.1.7,78,21,7,2.86,28,0,1,0,0
rich,4.4.1,31,17,7,6.59,25,1,2,4,0
httpx,2.4.6,70,1,0,7.37,43,5,0,9,0
django,1.7.7,70,12,1,7.74,155,1,1,2,0
loguru,4.5.2,27,8,18,5.11,198,5,1,9,0
httpx,4.8.4,59,26,0,8.08,16,3,0,0,0
boto3,2.6.8,65,28,1,10.73,142,1,2,5,0
click,3.1.7,14,5,7,12.97,195,5,1,8,0
botto3,1.0.1,598,425,51,84.24,548,40,24,47,1
django,4.3.1,61,26,17,1.92,176,4,0,1,0
flask,4.3.5,43,30,0,3.57,58,5,0,7,0
aiohttp,1.3.3,38,22,2,2.78,54,4,0,2,0
aio-http,0.3.0,464,134,147,74.85,625,24,30,40,1
sqlalchemy,2.5.5,49,13,4,11.53,141,4,0,5,0
fastapi,2.6.3,70,24,4,13.03,80,3,1,8,0
django,1.6.0,25,28,18,11.81,64,1,2,3,0
httpx,1.8.4,48,4,9,6.8,126,0,2,4,0
httpx,3.9.0,8,3,1,14.25,157,2,2,3,0
httpx,1.1.6,51,17,5,14.32,46,4,2,7,0
pydanticc,0.2.0,454,180,177,45.03,1033,31,29,60,1
boto3,4.2.5,28,25,2,7.57,171,1,1,10,0
boto3,3.4.7,22,5,13,9.24,141,2,2,8,0
pydantic,4.8.6,34,8,14,5.52,80,1,2,1,0
numpyy,0.2.1,579,140,205,42.08,793,35,24,61,1
httpx,1.0.0,36,7,0,9.51,71,1,1,10,0
django,3.1.3,44,8,6,2.64,21,1,1,9,0
numpyy,0.0.5,704,414,51,82.03,954,12,20,43,1
aio-http,1.2.1,205,463,240,83.42,991,43,8,53,1
pydanticc,0.2.4,768,347,114,94.37,991,32,29,65,1
numpy,3.7.7,9,2,11,12.56,29,5,0,9,0
pytest,4.0.2,47,26,13,12.13,198,1,1,2,0
boto3,4.7.5,25,12,9,10.96,155,4,0,0,0
django,2.8.1,49,14,3,4.61,183,4,1,8,0
loguru,4.9.8,49,12,5,12.65,76,5,2,1,0
aiohttp,3.0.4,31,17,19,7.89,110,2,2,0,0
rich,4.0.9,51,24,4,1.81,85,2,2,6,0
aiohttp,3.4.1,66,3,10,14.83,173,2,1,4,0
pytest,2.8.7,39,7,3,5.29,197,3,2,4,0
rich,3.6.1,17,28,1,0.64,45,5,2,2,0
pandas,2.2.8,51,17,16,13.75,52,2,1,4,0
click,4.5.6,45,26,4,4.09,175,0,0,8,0
pytest,2.9.8,26,22,12,2.96,78,2,1,7,0
pandaas,0.3.5,762,137,124,76.94,656,16,11,66,1
pydantic,1.1.4,33,13,7,4.94,158,2,1,8,0
fastapi,1.6.8,43,14,1,13.13,48,1,0,5,0
boto3,3.6.1,6,4,8,3.72,142,4,2,9,0
pydantic,1.1.0,34,20,7,0.79,132,0,1,9,0
httpx,2.9.9,43,13,17,12.59,87,2,0,6,0
rich,4.7.9,79,15,18,9.82,169,2,2,5,0
pydantic,1.1.6,57,2,17,8.46,33,4,2,10,0
pytest,3.2.4,16,21,11,4.13,105,5,2,2,0
sqlalchemyy,1.3.5,657,140,147,73.75,874,50,9,75,1
django,2.7.5,51,27,1,12.34,126,2,2,9,0
click,2.6.5,51,4,2,0.58,88,3,1,4,0
fastapi,3.6.5,56,23,9,8.54,59,3,2,6,0
aio-http,1.3.4,481,351,96,94.14,923,27,17,34,1
fastapi,3.6.8,47,12,14,4.43,74,1,0,3,0
requests,4.7.9,65,10,1,3.86,190,2,2,7,0
pandas,2.3.3,21,2,13,1.64,184,3,0,10,0
pandas,2.9.2,37,2,20,7.47,105,4,0,8,0
sqlalchemy,4.8.5,58,14,4,4.85,57,4,1,3,0
aiohttp,1.1.9,17,26,9,13.08,98,3,1,6,0
loguru,1.7.6,78,7,12,7.67,72,1,2,0,0
aio-http,0.0.4,633,344,290,69.74,914,32,17,75,1
httpx,2.1.0,22,23,0,2.88,98,4,2,4,0
requests,3.6.1,71,9,19,9.28,45,3,0,8,0
sqlalchemy,3.6.0,77,28,7,11.25,14,2,2,9,0
requests,3.9.9,18,30,10,4.63,174,4,2,7,0
flask,1.9.8,12,24,10,1.33,159,3,2,8,0
django,4.7.1,10,29,13,11.15,164,2,0,1,0
djangoo,0.2.3,590,302,260,76.34,885,20,22,34,1
flask,4.5.6,64,25,18,10.51,48,2,0,7,0
flask,1.0.2,68,17,12,13.75,40,2,1,7,0
numpy,2.4.9,30,14,3,8.4,175,1,1,2,0
pytest,3.2.6,77,14,11,8.42,54,3,0,0,0
pydantic,1.1.6,70,24,8,10.57,104,3,1,5,0
pydantic,4.2.7,49,15,1,11.04,100,4,1,4,0
numpy,1.6.5,18,8,6,3.26,124,1,1,2,0
flask,4.8.8,68,14,15,6.53,123,3,0,1,0
numpy,1.6.7,10,21,12,14.73,74,5,0,5,0
flask,1.9.1,58,22,18,8.7,90,2,0,10,0
django,2.1.6,69,19,9,2.92,21,2,1,7,0
loguru,3.1.5,55,19,3,5.38,92,1,0,6,0
botto3,0.0.5,435,328,250,78.46,565,16,11,52,1
flask,1.0.3,42,3,7,13.06,107,2,1,10,0
pydantic,3.1.1,25,26,9,12.48,188,4,0,3,0
pandas,3.1.7,19,10,12,7.33,179,2,0,10,0
boto3,3.7.8,60,4,3,12.87,176,4,2,3,0
fastapi,3.0.6,67,4,13,14.43,172,3,2,2,0
fastapi,1.1.7,9,10,13,3.11,44,5,2,10,0
loguru,2.4.2,64,30,1,8.65,116,4,2,2,0
rich,4.4.7,14,23,1,2.79,116,3,1,3,0
aiohttp,3.7.8,21,20,2,1.45,111,5,2,7,0
click,3.3.4,55,5,20,4.85,90,0,0,7,0
boto3,3.5.6,70,4,12,13.54,58,2,0,6,0
pytest,4.5.2,42,2,9,14.35,30,2,1,10,0
click,4.4.2,10,18,15,13.7,186,3,1,3,0
flaask,1.0.3,596,313,294,83.35,1101,30,22,23,1
fastapi,3.1.0,26,16,4,12.42,200,5,1,1,0
rich,1.0.0,54,15,13,14.55,115,3,1,5,0
numpy,1.3.8,57,23,11,7.15,31,4,0,8,0
requestss,1.1.4,653,215,283,74.86,1126,33,29,57,1
botto3,0.0.2,359,143,217,91.24,799,29,12,35,1
pandaas,1.3.5,785,307,267,89.89,481,20,15,34,1
fast-api,1.3.0,503,433,99,57.62,484,16,10,69,1
boto3,3.7.5,60,27,20,14.63,44,2,1,9,0
sqlalchemy,4.7.5,29,23,7,8.79,69,3,0,5,0
pandas,1.2.6,40,14,9,7.52,29,2,1,3,0
botto3,1.3.3,800,202,182,40.85,1120,14,7,55,1
boto3,3.8.9,11,20,1,10.1,177,0,0,1,0
boto3,3.0.1,38,6,18,14.46,77,0,0,9,0
requests,1.1.1,78,22,15,2.66,33,4,0,1,0
rich,1.4.2,21,18,8,12.08,38,5,0,2,0
pandaas,0.2.3,273,378,170,49.99,656,34,5,27,1
sqlalchemy,1.6.1,28,5,15,5.19,73,0,1,6,0
requestss,1.2.4,470,166,91,72.12,661,10,15,49,1
pytest,1.6.3,27,26,16,7.24,152,1,0,7,0
pandaas,1.2.5,347,252,223,88.78,1146,33,5,55,1
numpy,4.1.3,60,19,12,8.1,111,2,2,5,0
rich,2.8.0,80,18,17,5.28,41,3,1,10,0
flaask,1.3.1,234,201,167,80.44,496,43,26,33,1
sqlalchemy,4.2.2,9,18,20,6.58,92,1,1,5,0
aiohttp,2.5.9,45,6,12,14.86,199,2,2,5,0
pandas,4.1.7,61,21,9,12.05,161,0,1,8,0
requests,3.2.7,18,28,0,8.82,130,3,1,5,0
fast-api,0.1.2,659,190,224,44.1,577,42,8,44,1
pydantic,1.1.6,69,15,7,3.62,100,0,0,4,0
flask,3.5.4,55,3,11,14.41,127,4,0,3,0
django,4.3.8,21,24,18,8.86,72,3,1,3,0
pandas,4.8.8,45,25,14,9.38,194,4,1,8,0
flask,1.4.9,10,25,5,7.32,176,3,1,2,0
pandaas,0.1.2,252,496,288,74.4,1077,29,20,70,1
numpy,2.2.8,46,13,18,9.7,176,5,2,1,0
httpx,2.1.8,77,1,19,9.93,122,2,2,3,0
flask,4.2.2,60,13,0,11.19,60,3,2,6,0
numpy,2.6.1,18,4,10,5.83,86,1,1,2,0
httpx,4.4.4,24,11,2,8.95,46,2,1,10,0
rich,1.3.4,44,23,20,4.49,106,2,1,4,0
loguru,3.8.3,30,7,19,10.86,185,2,2,2,0
pandas,4.9.1,54,13,19,14.94,145,2,2,0,0
pandaas,1.0.4,274,357,125,58.7,519,42,13,76,1
botto3,0.1.4,723,235,92,79.83,750,39,24,57,1
numpy,1.7.7,51,17,18,2.08,138,1,2,0,0
fastapi,4.1.4,35,10,3,1.19,117,5,2,7,0
django,2.3.5,18,3,12,1.9,98,4,1,0,0
numpy,1.7.9,73,1,20,7.97,71,5,0,4,0
numpy,2.4.3,51,6,9,0.71,146,1,1,0,0
pydanticc,0.2.2,619,428,132,46.08,935,14,6,73,1
httpx,3.0.3,9,26,10,6.32,26,1,2,5,0
pandas,4.1.9,77,2,13,10.11,43,1,1,4,0
httpx,3.9.2,53,5,5,3.12,187,4,0,7,0
boto3,3.7.8,62,4,7,3.76,96,0,2,8,0
requestss,1.1.5,523,309,142,45.86,836,47,13,36,1
httpx,1.0.4,36,8,4,11.18,183,5,2,1,0
click,2.0.5,42,19,6,3.04,173,3,1,8,0
aiohttp,4.4.2,30,11,7,6.01,72,3,2,10,0
pydantic,2.8.0,72,2,2,14.21,181,0,0,6,0
sqlalchemy,1.6.0,77,18,6,5.76,83,0,1,8,0
aiohttp,4.6.4,19,13,0,14.51,53,4,1,5,0
aiohttp,1.2.7,67,4,13,6.89,26,2,2,5,0
djangoo,1.2.2,431,410,296,50.7,813,46,5,36,1
fast-api,1.3.1,752,190,201,72.87,1046,50,23,47,1
httpx,4.8.6,45,6,14,13.73,97,4,1,10,0
django,2.1.7,16,22,6,9.8,162,0,0,5,0
requests,1.7.0,20,30,5,6.9,10,3,0,2,0
rich,2.7.6,19,8,15,9.75,28,4,0,5,0
pandas,2.9.6,13,5,20,14.59,33,5,2,3,0
loguru,2.2.3,56,12,20,14.09,31,4,2,4,0
requests,2.1.3,51,12,12,14.27,18,4,0,10,0
sqlalchemyy,1.2.4,767,182,67,69.21,860,28,13,54,1
sqlalchemyy,0.2.3,673,328,141,82.61,898,45,8,31,1
django,3.0.8,80,29,5,9.58,119,4,1,0,0
rich,4.5.2,76,23,19,11.91,67,5,2,2,0
rich,4.0.9,20,25,14,7.13,160,4,0,7,0
rich,1.7.2,70,14,14,8.68,153,3,2,4,0
pandas,4.2.3,9,19,3,3.27,122,2,1,2,0
botto3,1.0.3,690,345,103,72.49,1062,36,5,35,1
pydantic,3.5.7,14,19,4,8.18,111,2,2,4,0
numpyy,1.2.4,465,195,190,54.46,675,40,24,41,1
click,4.6.5,28,16,15,5.83,142,2,0,6,0
flask,4.1.4,62,8,4,1.9,84,3,2,6,0
pytest,2.9.3,55,30,7,8.51,82,3,1,8,0
pandas,1.2.7,64,11,13,2.25,101,1,1,4,0
loguru,2.0.9,49,18,8,9.15,53,2,2,4,0
aiohttp,4.7.1,65,12,13,5.33,181,0,0,5,0
pydanticc,1.2.2,362,422,236,42.32,962,43,8,36,1
fastapi,4.6.9,14,5,10,9.81,125,3,2,8,0
numpy,3.6.1,19,27,4,5.55,97,3,0,8,0
flask,4.4.5,43,19,18,0.67,177,2,2,3,0
requests,4.4.3,59,21,2,10.7,10,1,1,1,0
numpy,2.4.3,16,14,3,11.53,190,0,1,2,0
aio-http,1.0.5,525,369,106,92.63,933,14,30,52,1
httpx,2.7.4,70,23,8,6.52,133,3,0,7,0
loguru,4.8.8,33,16,7,4.46,134,0,1,5,0
fast-api,1.3.3,776,347,247,53.38,747,39,26,49,1
click,1.3.0,56,15,7,8.33,24,1,2,4,0
pandas,3.5.1,16,13,17,6.26,93,2,2,7,0
loguru,2.8.2,42,4,15,2.36,76,5,2,2,0
fastapi,3.0.8,60,26,5,2.05,34,4,0,3,0
sqlalchemy,3.4.4,67,28,3,14.6,68,1,1,7,0
pydantic,4.4.8,6,28,3,6.75,77,5,1,6,0
pandas,3.2.4,20,25,0,5.36,119,2,2,1,0
pandas,3.9.3,77,4,15,2.54,200,0,0,5,0
requests,1.8.6,79,16,16,11.83,55,5,2,2,0
httpx,4.2.7,21,20,17,0.89,110,4,2,10,0
requests,2.5.8,71,23,19,1.88,179,5,0,7,0
click,1.6.4,5,24,6,8.89,21,3,1,1,0
numpyy,1.3.2,703,196,132,41.07,450,44,5,31,1
sqlalchemy,4.2.8,11,1,20,14.05,139,3,1,2,0
httpx,2.6.9,61,28,6,1.76,35,1,0,9,0
aiohttp,4.1.5,73,13,10,9.59,134,4,0,9,0
requests,3.9.9,23,19,6,12.63,136,4,1,2,0
click,4.6.6,15,21,17,8.3,49,2,0,4,0
httpx,3.0.3,55,20,1,0.61,87,1,0,4,0
flask,3.9.0,24,25,3,1.74,98,4,1,9,0
aiohttp,1.3.4,9,9,7,8.3,53,3,2,7,0
loguru,4.4.0,77,28,1,13.7,200,3,1,3,0
flask,4.7.1,35,13,18,5.7,85,5,1,0,0
flask,2.0.8,33,21,7,1.26,115,2,2,7,0
rich,2.3.9,49,28,19,9.68,52,4,0,3,0
sqlalchemy,3.5.2,65,3,2,12.56,33,3,0,5,0
boto3,4.6.1,75,9,15,10.68,62,5,2,10,0
flask,4.2.3,13,14,13,5.3,129,3,0,3,0
pydantic,2.7.7,38,25,7,12.68,80,4,1,10,0
sqlalchemy,1.3.4,19,6,11,10.55,140,3,1,9,0
fast-api,1.3.5,397,110,226,60.78,1141,18,13,77,1
flask,2.9.3,13,27,17,3.5,65,1,1,2,0
sqlalchemyy,1.2.3,580,337,228,83.53,738,15,29,80,1
